order_id,customer_id,restaurant_id,order_item,order_date,order_time,order_status,total_amount
1,13,12,Sandwich,10-05-2025,05:36:01,Cancelled,155.41
2,10,29,Salad,09-02-2025,22:20:15,Pending,1362.19
3,4,14,Dosa,10-03-2025,10:15:08,Pending,197.06
4,32,30,Dosa,26-01-2025,00:09:39,Pending,618.06
5,30,48,Sandwich,22-03-2025,13:05:45,In Progress,856.01
6,4,49,Pizza,28-11-2024,18:12:33,Pending,934.19
7,43,15,Thali,26-05-2025,15:06:28,Completed,190.25
8,43,26,Salad,21-05-2025,11:53:07,In Progress,944.77
9,16,41,Pasta,09-11-2024,02:11:25,In Progress,1140.97
10,16,13,Momos,25-03-2025,20:10:52,Completed,322.35
11,37,17,Pasta,17-06-2025,19:46:54,Completed,336.27
12,9,34,Noodles,12-12-2024,10:36:03,Pending,737.13
13,40,41,Dosa,22-12-2024,04:03:00,Pending,219.99
14,15,49,Sandwich,11-07-2025,09:31:04,In Progress,1135.28
15,5,31,Momos,07-04-2025,20:35:52,In Progress,1092.62
16,39,21,Dosa,04-11-2024,12:35:56,Cancelled,829.24
17,41,31,Salad,26-08-2025,04:46:53,In Progress,260.92
18,23,6,Pasta,07-04-2025,19:35:11,Cancelled,514.65
19,41,31,Noodles,25-09-2024,15:13:22,Pending,676.99
20,37,7,Noodles,01-07-2025,06:00:33,In Progress,892.7
21,8,9,Burger,16-11-2024,08:05:36,Cancelled,159.36
22,10,23,Burger,01-07-2025,23:06:06,Cancelled,161.04
23,19,50,Noodles,29-11-2024,22:25:20,In Progress,347.11
24,39,10,Biryani,18-09-2024,17:23:07,Pending,420.96
25,34,18,Pizza,22-09-2024,09:07:31,Pending,264.95
26,43,25,Dosa,13-11-2024,16:32:32,Completed,1468.01
27,28,42,Pizza,04-02-2025,17:52:02,Pending,642.65
28,39,11,Pizza,26-10-2024,21:16:06,Cancelled,1019.8
29,20,6,Salad,31-10-2024,07:39:01,Completed,803.62
30,18,28,Dosa,26-06-2025,03:32:54,In Progress,929.26
31,40,28,Burger,02-03-2025,08:40:23,Completed,1414.18
32,18,38,Momos,11-11-2024,11:16:51,In Progress,844.88
33,47,41,Burger,27-08-2025,02:09:19,In Progress,680.55
34,7,28,Thali,25-10-2024,23:34:19,Cancelled,359.88
35,46,37,Sandwich,31-05-2025,14:23:28,Completed,1412.41
36,49,23,Dosa,11-08-2025,22:47:02,Cancelled,882.8
37,37,11,Burger,23-03-2025,08:05:20,In Progress,545.88
38,15,23,Burger,16-05-2025,02:11:26,In Progress,691.04
39,30,19,Noodles,23-11-2024,10:05:08,Pending,778.06
40,20,1,Momos,31-07-2025,04:07:00,In Progress,1374.92
41,41,9,Dosa,12-01-2025,05:39:59,Completed,923.69
42,22,31,Dosa,22-12-2024,17:35:00,Pending,866.93
43,13,21,Sandwich,23-07-2025,13:02:59,Completed,890.11
44,38,43,Biryani,12-03-2025,22:45:37,Pending,888.57
45,41,16,Pizza,31-05-2025,23:05:30,In Progress,808.74
46,25,47,Pasta,20-12-2024,19:24:48,Cancelled,104.11
47,24,13,Dosa,08-08-2025,12:49:08,Completed,1068.53
48,27,49,Burger,04-01-2025,10:43:34,Completed,685.99
49,29,30,Salad,02-05-2025,19:35:51,Completed,106.12
50,37,9,Dosa,04-07-2025,11:03:35,Pending,1492.07
51,33,30,Sandwich,10-05-2025,05:36:01,Cancelled,864.3764816
52,33,47,Salad,09-02-2025,22:20:15,Pending,869.6827986
53,33,36,Dosa,10-03-2025,10:15:08,Pending,874.9891155
54,33,29,Dosa,26-01-2025,00:09:39,Pending,880.2954324
55,34,37,Sandwich,22-03-2025,13:05:45,In Progress,885.6017493
56,34,11,Pizza,28-11-2024,18:12:33,Pending,890.9080663
57,34,10,Thali,26-05-2025,15:06:28,Completed,896.2143832
58,34,3,Salad,21-05-2025,11:53:07,In Progress,901.5207001
59,34,35,Pasta,09-11-2024,02:11:25,In Progress,906.827017
60,35,32,Momos,25-03-2025,20:10:52,Completed,912.133334
61,35,43,Pasta,17-06-2025,19:46:54,Completed,917.4396509
62,35,6,Noodles,12-12-2024,10:36:03,Pending,922.7459678
63,35,38,Dosa,22-12-2024,04:03:00,Pending,928.0522848
64,36,3,Sandwich,11-07-2025,09:31:04,In Progress,933.3586017
65,36,45,Momos,07-04-2025,20:35:52,In Progress,938.6649186
66,36,29,Dosa,04-11-2024,12:35:56,Cancelled,943.9712355
67,36,27,Salad,26-08-2025,04:46:53,In Progress,949.2775525
68,36,23,Pasta,07-04-2025,19:35:11,Cancelled,954.5838694
69,37,42,Noodles,25-09-2024,15:13:22,Pending,959.8901863
70,37,12,Noodles,01-07-2025,06:00:33,In Progress,965.1965032
71,37,17,Burger,16-11-2024,08:05:36,Cancelled,970.5028202
72,37,27,Burger,01-07-2025,23:06:06,Cancelled,975.8091371
73,38,13,Noodles,29-11-2024,22:25:20,In Progress,981.115454
74,38,6,Biryani,18-09-2024,17:23:07,Pending,986.4217709
75,38,32,Pizza,22-09-2024,09:07:31,Pending,991.7280879
76,38,2,Dosa,13-11-2024,16:32:32,Completed,997.0344048
77,38,10,Pizza,04-02-2025,17:52:02,Pending,1002.340722
78,39,1,Pizza,26-10-2024,21:16:06,Cancelled,1007.647039
79,39,32,Salad,31-10-2024,07:39:01,Completed,1012.953356
80,39,50,Dosa,26-06-2025,03:32:54,In Progress,1018.259673
81,39,33,Burger,02-03-2025,08:40:23,Completed,1023.565989
82,39,30,Momos,11-11-2024,11:16:51,In Progress,1028.872306
83,40,9,Burger,27-08-2025,02:09:19,In Progress,1034.178623
84,40,3,Thali,25-10-2024,23:34:19,Cancelled,1039.48494
85,40,11,Sandwich,31-05-2025,14:23:28,Completed,1044.791257
86,40,11,Dosa,11-08-2025,22:47:02,Cancelled,1050.097574
87,41,49,Burger,23-03-2025,08:05:20,In Progress,1055.403891
88,41,50,Burger,16-05-2025,02:11:26,In Progress,1060.710208
89,41,1,Noodles,23-11-2024,10:05:08,Pending,1066.016525
90,41,43,Momos,31-07-2025,04:07:00,In Progress,1071.322842
91,41,41,Dosa,12-01-2025,05:39:59,Completed,1076.629159
92,42,20,Dosa,22-12-2024,17:35:00,Pending,1081.935476
93,42,8,Sandwich,23-07-2025,13:02:59,Completed,1087.241793
94,42,13,Biryani,12-03-2025,22:45:37,Pending,1092.548109
95,42,32,Pizza,31-05-2025,23:05:30,In Progress,1097.854426
96,42,37,Pasta,20-12-2024,19:24:48,Cancelled,1103.160743
97,43,33,Dosa,08-08-2025,12:49:08,Completed,1108.46706
98,43,49,Burger,04-01-2025,10:43:34,Completed,1113.773377
99,43,30,Salad,02-05-2025,19:35:51,Completed,1119.079694
100,43,12,Dosa,04-07-2025,11:03:35,Pending,1124.386011
101,44,9,Sandwich,10-05-2025,05:36:01,Cancelled,1129.692328
102,44,12,Salad,09-02-2025,22:20:15,Pending,1134.998645
103,44,17,Dosa,10-03-2025,10:15:08,Pending,1140.304962
104,44,25,Dosa,26-01-2025,00:09:39,Pending,1145.611279
105,44,45,Sandwich,22-03-2025,13:05:45,In Progress,1150.917596
106,45,36,Pizza,28-11-2024,18:12:33,Pending,1156.223913
107,45,8,Thali,26-05-2025,15:06:28,Completed,1161.53023
108,45,38,Salad,21-05-2025,11:53:07,In Progress,1166.836546
109,45,40,Pasta,09-11-2024,02:11:25,In Progress,1172.142863
110,45,16,Momos,25-03-2025,20:10:52,Completed,1177.44918
111,46,2,Pasta,17-06-2025,19:46:54,Completed,1182.755497
112,46,41,Noodles,12-12-2024,10:36:03,Pending,1188.061814
113,46,28,Dosa,22-12-2024,04:03:00,Pending,1193.368131
114,46,43,Sandwich,11-07-2025,09:31:04,In Progress,1198.674448
115,47,8,Momos,07-04-2025,20:35:52,In Progress,1203.980765
116,47,32,Dosa,04-11-2024,12:35:56,Cancelled,1209.287082
117,47,14,Salad,26-08-2025,04:46:53,In Progress,1214.593399
118,47,26,Pasta,07-04-2025,19:35:11,Cancelled,1219.899716
119,47,1,Noodles,25-09-2024,15:13:22,Pending,1225.206033
120,48,1,Sandwich,10-05-2025,05:36:01,Cancelled,1230.51235
121,48,22,Salad,09-02-2025,22:20:15,Pending,1235.818667
122,48,23,Dosa,10-03-2025,10:15:08,Pending,1241.124983
123,48,48,Dosa,26-01-2025,00:09:39,Pending,1246.4313
124,49,20,Sandwich,22-03-2025,13:05:45,In Progress,1251.737617
125,49,17,Pizza,28-11-2024,18:12:33,Pending,1257.043934
126,49,30,Thali,26-05-2025,15:06:28,Completed,1262.350251
127,49,26,Salad,21-05-2025,11:53:07,In Progress,1267.656568
128,49,24,Pasta,09-11-2024,02:11:25,In Progress,1272.962885
129,50,39,Momos,25-03-2025,20:10:52,Completed,1278.269202
130,50,35,Pasta,17-06-2025,19:46:54,Completed,1283.575519
131,50,30,Noodles,12-12-2024,10:36:03,Pending,1288.881836
132,50,2,Dosa,22-12-2024,04:03:00,Pending,1294.188153
133,50,8,Sandwich,11-07-2025,09:31:04,In Progress,1299.49447
134,51,28,Momos,07-04-2025,20:35:52,In Progress,1304.800787
135,51,32,Dosa,04-11-2024,12:35:56,Cancelled,1310.107103
136,51,1,Salad,26-08-2025,04:46:53,In Progress,1315.41342
137,51,50,Pasta,07-04-2025,19:35:11,Cancelled,1320.719737
138,52,22,Noodles,25-09-2024,15:13:22,Pending,1326.026054
139,52,26,Noodles,01-07-2025,06:00:33,In Progress,1331.332371
140,52,13,Burger,16-11-2024,08:05:36,Cancelled,1336.638688
141,52,44,Burger,01-07-2025,23:06:06,Cancelled,1341.945005
142,52,31,Noodles,29-11-2024,22:25:20,In Progress,1347.251322
143,53,49,Biryani,18-09-2024,17:23:07,Pending,1352.557639
144,53,17,Pizza,22-09-2024,09:07:31,Pending,1357.863956
145,53,17,Dosa,13-11-2024,16:32:32,Completed,1363.170273
146,53,4,Pizza,04-02-2025,17:52:02,Pending,1368.47659
147,53,6,Pizza,26-10-2024,21:16:06,Cancelled,1373.782907
148,54,44,Salad,31-10-2024,07:39:01,Completed,1379.089224
149,54,10,Dosa,26-06-2025,03:32:54,In Progress,1384.39554
150,54,11,Burger,02-03-2025,08:40:23,Completed,1389.701857
151,54,29,Momos,11-11-2024,11:16:51,In Progress,1395.008174
152,55,22,Burger,27-08-2025,02:09:19,In Progress,1400.314491
153,55,15,Thali,25-10-2024,23:34:19,Cancelled,1405.620808
154,55,31,Sandwich,31-05-2025,14:23:28,Completed,1410.927125
155,55,26,Dosa,11-08-2025,22:47:02,Cancelled,1416.233442
156,55,12,Burger,23-03-2025,08:05:20,In Progress,1421.539759
157,56,2,Burger,16-05-2025,02:11:26,In Progress,1426.846076
158,56,11,Noodles,23-11-2024,10:05:08,Pending,1432.152393
159,56,2,Momos,31-07-2025,04:07:00,In Progress,1437.45871
160,56,4,Dosa,12-01-2025,05:39:59,Completed,1442.765027
161,57,25,Dosa,22-12-2024,17:35:00,Pending,1448.071344
162,57,35,Sandwich,23-07-2025,13:02:59,Completed,1453.377661
163,57,37,Biryani,12-03-2025,22:45:37,Pending,1458.683977
164,57,40,Pizza,31-05-2025,23:05:30,In Progress,1463.990294
165,57,1,Pasta,20-12-2024,19:24:48,Cancelled,1469.296611
166,58,34,Dosa,08-08-2025,12:49:08,Completed,1474.602928
167,58,28,Burger,04-01-2025,10:43:34,Completed,1479.909245
168,58,15,Salad,02-05-2025,19:35:51,Completed,1485.215562
169,58,49,Dosa,04-07-2025,11:03:35,Pending,1490.521879
170,58,40,Sandwich,10-05-2025,05:36:01,Cancelled,1495.828196
171,59,18,Salad,09-02-2025,22:20:15,Pending,1501.134513
172,59,46,Dosa,10-03-2025,10:15:08,Pending,1506.44083
173,59,41,Dosa,26-01-2025,00:09:39,Pending,1511.747147
174,59,17,Sandwich,22-03-2025,13:05:45,In Progress,1517.053464
175,60,13,Pizza,28-11-2024,18:12:33,Pending,1522.359781
176,60,29,Thali,26-05-2025,15:06:28,Completed,1527.666097
177,60,13,Salad,21-05-2025,11:53:07,In Progress,1532.972414
178,60,20,Pasta,09-11-2024,02:11:25,In Progress,1538.278731
179,60,8,Momos,25-03-2025,20:10:52,Completed,1543.585048
180,61,6,Pasta,17-06-2025,19:46:54,Completed,1548.891365
181,61,17,Noodles,12-12-2024,10:36:03,Pending,1554.197682
182,61,8,Dosa,22-12-2024,04:03:00,Pending,1559.503999
183,61,36,Sandwich,11-07-2025,09:31:04,In Progress,1564.810316
184,61,46,Momos,07-04-2025,20:35:52,In Progress,1570.116633
185,62,25,Dosa,04-11-2024,12:35:56,Cancelled,1575.42295
186,62,15,Salad,26-08-2025,04:46:53,In Progress,1580.729267
187,62,35,Pasta,07-04-2025,19:35:11,Cancelled,1586.035584
188,62,13,Noodles,25-09-2024,15:13:22,Pending,1591.341901
189,63,2,Noodles,01-07-2025,06:00:33,In Progress,1596.648218
190,63,22,Burger,16-11-2024,08:05:36,Cancelled,1601.954534
191,63,36,Burger,01-07-2025,23:06:06,Cancelled,1607.260851
192,63,49,Noodles,29-11-2024,22:25:20,In Progress,1612.567168
193,63,4,Biryani,18-09-2024,17:23:07,Pending,1617.873485
194,64,33,Pizza,22-09-2024,09:07:31,Pending,1623.179802
195,64,38,Dosa,13-11-2024,16:32:32,Completed,1628.486119
196,64,33,Pizza,04-02-2025,17:52:02,Pending,1633.792436
197,64,46,Pizza,26-10-2024,21:16:06,Cancelled,1639.098753
198,65,9,Salad,31-10-2024,07:39:01,Completed,1644.40507
199,65,39,Dosa,26-06-2025,03:32:54,In Progress,1649.711387
200,65,5,Burger,02-03-2025,08:40:23,Completed,1655.017704
201,65,40,Momos,11-11-2024,11:16:51,In Progress,1660.324021
202,65,4,Burger,27-08-2025,02:09:19,In Progress,1665.630338
203,66,46,Thali,25-10-2024,23:34:19,Cancelled,1670.936655
204,66,20,Sandwich,31-05-2025,14:23:28,Completed,1676.242971
205,66,4,Dosa,11-08-2025,22:47:02,Cancelled,1681.549288
206,66,39,Burger,23-03-2025,08:05:20,In Progress,1686.855605
207,66,15,Burger,16-05-2025,02:11:26,In Progress,1692.161922
208,67,2,Noodles,23-11-2024,10:05:08,Pending,1697.468239
209,67,17,Momos,31-07-2025,04:07:00,In Progress,1702.774556
210,67,45,Dosa,12-01-2025,05:39:59,Completed,1708.080873
211,67,24,Dosa,22-12-2024,17:35:00,Pending,1713.38719
212,68,15,Sandwich,23-07-2025,13:02:59,Completed,1718.693507
213,68,5,Biryani,12-03-2025,22:45:37,Pending,1723.999824
214,68,39,Pizza,31-05-2025,23:05:30,In Progress,1729.306141
215,68,23,Pasta,20-12-2024,19:24:48,Cancelled,1734.612458
216,68,35,Dosa,08-08-2025,12:49:08,Completed,1739.918775
217,69,28,Burger,04-01-2025,10:43:34,Completed,1745.225091
218,69,17,Salad,02-05-2025,19:35:51,Completed,1750.531408
219,69,21,Dosa,04-07-2025,11:03:35,Pending,1755.837725
220,69,31,Sandwich,10-05-2025,05:36:01,Cancelled,1761.144042
221,69,32,Salad,09-02-2025,22:20:15,Pending,1766.450359
222,70,4,Dosa,10-03-2025,10:15:08,Pending,1771.756676
223,70,41,Dosa,26-01-2025,00:09:39,Pending,1777.062993
224,70,27,Sandwich,22-03-2025,13:05:45,In Progress,1782.36931
225,70,48,Pizza,28-11-2024,18:12:33,Pending,1787.675627
226,71,40,Thali,26-05-2025,15:06:28,Completed,1792.981944
227,71,41,Salad,21-05-2025,11:53:07,In Progress,1798.288261
228,71,36,Pasta,09-11-2024,02:11:25,In Progress,1803.594578
229,71,29,Momos,25-03-2025,20:10:52,Completed,1808.900895
230,71,29,Pasta,17-06-2025,19:46:54,Completed,1814.207212
231,72,20,Noodles,12-12-2024,10:36:03,Pending,1819.513528
232,72,15,Dosa,22-12-2024,04:03:00,Pending,1824.819845
233,72,6,Sandwich,11-07-2025,09:31:04,In Progress,1830.126162
234,72,25,Momos,07-04-2025,20:35:52,In Progress,1835.432479
235,73,16,Dosa,04-11-2024,12:35:56,Cancelled,1840.738796
236,73,20,Salad,26-08-2025,04:46:53,In Progress,1846.045113
237,73,49,Pasta,07-04-2025,19:35:11,Cancelled,1851.35143
238,73,29,Noodles,25-09-2024,15:13:22,Pending,1856.657747
239,73,25,Sandwich,10-05-2025,05:36:01,Cancelled,1861.964064
240,74,27,Salad,09-02-2025,22:20:15,Pending,1867.270381
241,74,44,Dosa,10-03-2025,10:15:08,Pending,1872.576698
242,74,39,Dosa,26-01-2025,00:09:39,Pending,1877.883015
243,74,10,Sandwich,22-03-2025,13:05:45,In Progress,1883.189332
244,74,39,Pizza,28-11-2024,18:12:33,Pending,1888.495648
245,75,32,Thali,26-05-2025,15:06:28,Completed,1893.801965
246,75,34,Salad,21-05-2025,11:53:07,In Progress,1899.108282
247,75,28,Pasta,09-11-2024,02:11:25,In Progress,1904.414599
248,75,28,Momos,25-03-2025,20:10:52,Completed,1909.720916
249,76,14,Pasta,17-06-2025,19:46:54,Completed,1915.027233
250,76,28,Noodles,12-12-2024,10:36:03,Pending,1920.33355
251,76,31,Dosa,22-12-2024,04:03:00,Pending,1925.639867
252,76,3,Sandwich,11-07-2025,09:31:04,In Progress,1930.946184
253,76,2,Momos,07-04-2025,20:35:52,In Progress,1936.252501
254,77,43,Dosa,04-11-2024,12:35:56,Cancelled,1941.558818
255,77,25,Salad,26-08-2025,04:46:53,In Progress,1946.865135
256,77,43,Pasta,07-04-2025,19:35:11,Cancelled,1952.171452
257,77,29,Noodles,25-09-2024,15:13:22,Pending,1957.477769
258,77,19,Noodles,01-07-2025,06:00:33,In Progress,1962.784085
259,78,35,Burger,16-11-2024,08:05:36,Cancelled,1968.090402
260,78,28,Burger,01-07-2025,23:06:06,Cancelled,1973.396719
261,78,49,Noodles,29-11-2024,22:25:20,In Progress,1978.703036
262,78,46,Biryani,18-09-2024,17:23:07,Pending,1984.009353
263,79,22,Pizza,22-09-2024,09:07:31,Pending,1989.31567
264,79,9,Dosa,13-11-2024,16:32:32,Completed,1994.621987
265,79,20,Pizza,04-02-2025,17:52:02,Pending,1999.928304
266,79,35,Pizza,26-10-2024,21:16:06,Cancelled,2005.234621
267,79,50,Salad,31-10-2024,07:39:01,Completed,2010.540938
268,80,28,Dosa,26-06-2025,03:32:54,In Progress,2015.847255
269,80,26,Burger,02-03-2025,08:40:23,Completed,2021.153572
270,80,11,Momos,11-11-2024,11:16:51,In Progress,2026.459889
271,80,14,Burger,27-08-2025,02:09:19,In Progress,2031.766206
272,81,40,Thali,25-10-2024,23:34:19,Cancelled,2037.072522
273,81,24,Sandwich,31-05-2025,14:23:28,Completed,2042.378839
274,81,28,Dosa,11-08-2025,22:47:02,Cancelled,2047.685156
275,81,33,Burger,23-03-2025,08:05:20,In Progress,2052.991473
276,81,48,Burger,16-05-2025,02:11:26,In Progress,2058.29779
277,82,32,Noodles,23-11-2024,10:05:08,Pending,2063.604107
278,82,42,Momos,31-07-2025,04:07:00,In Progress,2068.910424
279,82,26,Dosa,12-01-2025,05:39:59,Completed,2074.216741
280,82,25,Dosa,22-12-2024,17:35:00,Pending,2079.523058
281,82,14,Sandwich,23-07-2025,13:02:59,Completed,2084.829375
282,83,7,Biryani,12-03-2025,22:45:37,Pending,2090.135692
283,83,22,Pizza,31-05-2025,23:05:30,In Progress,2095.442009
284,83,48,Pasta,20-12-2024,19:24:48,Cancelled,2100.748326
285,83,16,Dosa,08-08-2025,12:49:08,Completed,2106.054642
286,84,12,Burger,04-01-2025,10:43:34,Completed,2111.360959
287,84,50,Salad,02-05-2025,19:35:51,Completed,2116.667276
288,84,25,Dosa,04-07-2025,11:03:35,Pending,2121.973593
289,84,19,Sandwich,10-05-2025,05:36:01,Cancelled,2127.27991
290,84,20,Salad,09-02-2025,22:20:15,Pending,2132.586227
291,85,19,Dosa,10-03-2025,10:15:08,Pending,2137.892544
292,85,34,Dosa,26-01-2025,00:09:39,Pending,2143.198861
293,85,4,Sandwich,22-03-2025,13:05:45,In Progress,2148.505178
294,85,22,Pizza,28-11-2024,18:12:33,Pending,2153.811495
295,85,21,Thali,26-05-2025,15:06:28,Completed,2159.117812
296,86,19,Salad,21-05-2025,11:53:07,In Progress,2164.424129
297,86,20,Pasta,09-11-2024,02:11:25,In Progress,2169.730446
298,86,33,Momos,25-03-2025,20:10:52,Completed,2175.036763
299,86,44,Pasta,17-06-2025,19:46:54,Completed,2180.343079
300,87,22,Noodles,12-12-2024,10:36:03,Pending,2185.649396
301,87,11,Dosa,22-12-2024,04:03:00,Pending,2190.955713
302,87,25,Sandwich,11-07-2025,09:31:04,In Progress,2196.26203
303,87,13,Momos,07-04-2025,20:35:52,In Progress,2201.568347
304,87,44,Dosa,04-11-2024,12:35:56,Cancelled,2206.874664
305,88,2,Salad,26-08-2025,04:46:53,In Progress,2212.180981
306,88,3,Pasta,07-04-2025,19:35:11,Cancelled,2217.487298
307,88,16,Noodles,25-09-2024,15:13:22,Pending,2222.793615
308,88,22,Noodles,01-07-2025,06:00:33,In Progress,2228.099932
309,89,11,Burger,16-11-2024,08:05:36,Cancelled,2233.406249
310,89,16,Burger,01-07-2025,23:06:06,Cancelled,2238.712566
311,89,15,Noodles,29-11-2024,22:25:20,In Progress,2244.018883
312,89,30,Biryani,18-09-2024,17:23:07,Pending,2249.3252
313,89,30,Pizza,22-09-2024,09:07:31,Pending,2254.631516
314,90,26,Dosa,13-11-2024,16:32:32,Completed,2259.937833
315,90,35,Pizza,04-02-2025,17:52:02,Pending,2265.24415
316,90,22,Pizza,26-10-2024,21:16:06,Cancelled,2270.550467
317,90,23,Salad,31-10-2024,07:39:01,Completed,2275.856784
318,90,46,Dosa,26-06-2025,03:32:54,In Progress,2281.163101
319,91,33,Burger,02-03-2025,08:40:23,Completed,2286.469418
320,91,15,Momos,11-11-2024,11:16:51,In Progress,2291.775735
321,91,28,Burger,27-08-2025,02:09:19,In Progress,2297.082052
322,91,14,Thali,25-10-2024,23:34:19,Cancelled,2302.388369
323,92,47,Sandwich,31-05-2025,14:23:28,Completed,2307.694686
324,92,42,Dosa,11-08-2025,22:47:02,Cancelled,2313.001003
325,92,32,Burger,23-03-2025,08:05:20,In Progress,2318.30732
326,92,5,Burger,16-05-2025,02:11:26,In Progress,2323.613636
327,92,44,Noodles,23-11-2024,10:05:08,Pending,2328.919953
328,93,2,Momos,31-07-2025,04:07:00,In Progress,2334.22627
329,93,16,Dosa,12-01-2025,05:39:59,Completed,2339.532587
330,93,31,Dosa,22-12-2024,17:35:00,Pending,2344.838904
331,93,20,Sandwich,23-07-2025,13:02:59,Completed,2350.145221
332,93,13,Biryani,12-03-2025,22:45:37,Pending,2355.451538
333,94,27,Pizza,31-05-2025,23:05:30,In Progress,2360.757855
334,94,2,Pasta,20-12-2024,19:24:48,Cancelled,2366.064172
335,94,27,Dosa,08-08-2025,12:49:08,Completed,2371.370489
336,94,12,Burger,04-01-2025,10:43:34,Completed,2376.676806
337,95,17,Salad,02-05-2025,19:35:51,Completed,2381.983123
338,95,38,Dosa,04-07-2025,11:03:35,Pending,2387.28944
339,95,35,Sandwich,10-05-2025,05:36:01,Cancelled,2392.595757
340,95,14,Salad,09-02-2025,22:20:15,Pending,2397.902073
341,95,1,Dosa,10-03-2025,10:15:08,Pending,2403.20839
342,96,17,Dosa,26-01-2025,00:09:39,Pending,2408.514707
343,96,23,Sandwich,22-03-2025,13:05:45,In Progress,2413.821024
344,96,3,Pizza,28-11-2024,18:12:33,Pending,2419.127341
345,96,4,Thali,26-05-2025,15:06:28,Completed,2424.433658
346,96,48,Salad,21-05-2025,11:53:07,In Progress,2429.739975
347,97,47,Pasta,09-11-2024,02:11:25,In Progress,2435.046292
348,97,8,Momos,25-03-2025,20:10:52,Completed,2440.352609
349,97,21,Pasta,17-06-2025,19:46:54,Completed,2445.658926
350,97,49,Noodles,12-12-2024,10:36:03,Pending,2450.965243
351,98,41,Dosa,22-12-2024,04:03:00,Pending,2456.27156
352,98,21,Sandwich,11-07-2025,09:31:04,In Progress,2461.577877
353,98,49,Momos,07-04-2025,20:35:52,In Progress,2466.884194
354,98,44,Dosa,04-11-2024,12:35:56,Cancelled,2472.19051
355,98,49,Salad,26-08-2025,04:46:53,In Progress,2477.496827
356,99,50,Pasta,07-04-2025,19:35:11,Cancelled,2482.803144
357,99,42,Noodles,25-09-2024,15:13:22,Pending,2488.109461
358,99,34,Sandwich,10-05-2025,05:36:01,Cancelled,2493.415778
359,99,16,Salad,09-02-2025,22:20:15,Pending,2498.722095
360,100,12,Dosa,10-03-2025,10:15:08,Pending,2504.028412
361,100,30,Dosa,26-01-2025,00:09:39,Pending,2509.334729
362,100,37,Sandwich,22-03-2025,13:05:45,In Progress,2514.641046
363,100,39,Pizza,28-11-2024,18:12:33,Pending,2519.947363
364,100,15,Thali,26-05-2025,15:06:28,Completed,2525.25368
365,101,43,Salad,21-05-2025,11:53:07,In Progress,2530.559997
366,101,30,Pasta,09-11-2024,02:11:25,In Progress,2535.866314
367,101,5,Momos,25-03-2025,20:10:52,Completed,2541.17263
368,101,48,Pasta,17-06-2025,19:46:54,Completed,2546.478947
369,101,28,Noodles,12-12-2024,10:36:03,Pending,2551.785264
370,102,20,Dosa,22-12-2024,04:03:00,Pending,2557.091581
371,102,8,Sandwich,11-07-2025,09:31:04,In Progress,2562.397898
372,102,26,Momos,07-04-2025,20:35:52,In Progress,2567.704215
373,102,42,Dosa,04-11-2024,12:35:56,Cancelled,2573.010532
374,103,41,Salad,26-08-2025,04:46:53,In Progress,2578.316849
375,103,41,Pasta,07-04-2025,19:35:11,Cancelled,2583.623166
376,103,49,Noodles,25-09-2024,15:13:22,Pending,2588.929483
377,103,8,Noodles,01-07-2025,06:00:33,In Progress,2594.2358
378,103,2,Burger,16-11-2024,08:05:36,Cancelled,2599.542117
379,104,39,Burger,01-07-2025,23:06:06,Cancelled,2604.848434
380,104,16,Noodles,29-11-2024,22:25:20,In Progress,2610.154751
381,104,32,Biryani,18-09-2024,17:23:07,Pending,2615.461067
382,104,42,Pizza,22-09-2024,09:07:31,Pending,2620.767384
383,104,37,Dosa,13-11-2024,16:32:32,Completed,2626.073701
384,105,37,Pizza,04-02-2025,17:52:02,Pending,2631.380018
385,105,12,Pizza,26-10-2024,21:16:06,Cancelled,2636.686335
386,105,20,Salad,31-10-2024,07:39:01,Completed,2641.992652
387,105,13,Dosa,26-06-2025,03:32:54,In Progress,2647.298969
388,106,7,Burger,02-03-2025,08:40:23,Completed,2652.605286
389,106,22,Momos,11-11-2024,11:16:51,In Progress,2657.911603
390,106,28,Burger,27-08-2025,02:09:19,In Progress,2663.21792
391,106,28,Thali,25-10-2024,23:34:19,Cancelled,2668.524237
392,106,12,Sandwich,31-05-2025,14:23:28,Completed,2673.830554
393,107,12,Dosa,11-08-2025,22:47:02,Cancelled,2679.136871
394,107,30,Burger,23-03-2025,08:05:20,In Progress,2684.443188
395,107,42,Burger,16-05-2025,02:11:26,In Progress,2689.749504
396,107,23,Noodles,23-11-2024,10:05:08,Pending,2695.055821
397,108,7,Momos,31-07-2025,04:07:00,In Progress,2700.362138
398,108,31,Dosa,12-01-2025,05:39:59,Completed,2705.668455
399,108,8,Dosa,22-12-2024,17:35:00,Pending,2710.974772
400,108,47,Sandwich,23-07-2025,13:02:59,Completed,2716.281089
401,108,1,Biryani,12-03-2025,22:45:37,Pending,2721.587406
402,109,47,Pizza,31-05-2025,23:05:30,In Progress,2726.893723
403,109,29,Pasta,20-12-2024,19:24:48,Cancelled,2732.20004
404,109,3,Dosa,08-08-2025,12:49:08,Completed,2737.506357
405,109,45,Burger,04-01-2025,10:43:34,Completed,2742.812674
406,109,16,Salad,02-05-2025,19:35:51,Completed,2748.118991
407,110,16,Dosa,04-07-2025,11:03:35,Pending,2753.425308
408,110,38,Sandwich,10-05-2025,05:36:01,Cancelled,2758.731624
409,110,1,Salad,09-02-2025,22:20:15,Pending,2764.037941
410,110,21,Dosa,10-03-2025,10:15:08,Pending,2769.344258
411,111,28,Dosa,26-01-2025,00:09:39,Pending,2774.650575
412,111,37,Sandwich,22-03-2025,13:05:45,In Progress,2779.956892
413,111,7,Pizza,28-11-2024,18:12:33,Pending,2785.263209
414,111,19,Thali,26-05-2025,15:06:28,Completed,2790.569526
415,111,5,Salad,21-05-2025,11:53:07,In Progress,2795.875843
416,112,8,Pasta,09-11-2024,02:11:25,In Progress,2801.18216
417,112,34,Momos,25-03-2025,20:10:52,Completed,2806.488477
418,112,46,Pasta,17-06-2025,19:46:54,Completed,2811.794794
419,112,46,Noodles,12-12-2024,10:36:03,Pending,2817.101111
420,112,10,Dosa,22-12-2024,04:03:00,Pending,2822.407428
421,113,7,Sandwich,11-07-2025,09:31:04,In Progress,2827.713745
422,113,23,Momos,07-04-2025,20:35:52,In Progress,2833.020061
423,113,22,Dosa,04-11-2024,12:35:56,Cancelled,2838.326378
424,113,14,Salad,26-08-2025,04:46:53,In Progress,2843.632695
425,114,26,Pasta,07-04-2025,19:35:11,Cancelled,2848.939012
426,114,18,Noodles,25-09-2024,15:13:22,Pending,2854.245329
427,114,25,Noodles,01-07-2025,06:00:33,In Progress,2859.551646
428,114,29,Burger,16-11-2024,08:05:36,Cancelled,2864.857963
429,114,48,Burger,01-07-2025,23:06:06,Cancelled,2870.16428
430,115,1,Noodles,29-11-2024,22:25:20,In Progress,2875.470597
431,115,33,Biryani,18-09-2024,17:23:07,Pending,2880.776914
432,115,31,Pizza,22-09-2024,09:07:31,Pending,2886.083231
433,115,35,Dosa,13-11-2024,16:32:32,Completed,2891.389548
434,116,46,Pizza,04-02-2025,17:52:02,Pending,2896.695865
435,116,18,Pizza,26-10-2024,21:16:06,Cancelled,2902.002182
436,116,16,Salad,31-10-2024,07:39:01,Completed,2907.308498
437,116,42,Dosa,26-06-2025,03:32:54,In Progress,2912.614815
438,116,3,Burger,02-03-2025,08:40:23,Completed,2917.921132
439,117,14,Momos,11-11-2024,11:16:51,In Progress,2923.227449
440,117,20,Burger,27-08-2025,02:09:19,In Progress,2928.533766
441,117,49,Thali,25-10-2024,23:34:19,Cancelled,2933.840083
442,117,22,Sandwich,31-05-2025,14:23:28,Completed,2939.1464
443,117,46,Dosa,11-08-2025,22:47:02,Cancelled,2944.452717
444,118,4,Burger,23-03-2025,08:05:20,In Progress,2949.759034
445,118,7,Burger,16-05-2025,02:11:26,In Progress,2955.065351
446,118,16,Noodles,23-11-2024,10:05:08,Pending,2960.371668
447,118,11,Momos,31-07-2025,04:07:00,In Progress,2965.677985
448,119,5,Dosa,12-01-2025,05:39:59,Completed,2970.984302
449,119,43,Dosa,22-12-2024,17:35:00,Pending,2976.290618
450,119,30,Sandwich,23-07-2025,13:02:59,Completed,2981.596935
451,119,33,Biryani,12-03-2025,22:45:37,Pending,2986.903252
452,119,39,Pizza,31-05-2025,23:05:30,In Progress,2992.209569
453,120,22,Pasta,20-12-2024,19:24:48,Cancelled,2997.515886
454,120,49,Dosa,08-08-2025,12:49:08,Completed,3002.822203
455,120,44,Burger,04-01-2025,10:43:34,Completed,3008.12852
456,120,26,Salad,02-05-2025,19:35:51,Completed,3013.434837
457,120,33,Dosa,04-07-2025,11:03:35,Pending,3018.741154
458,121,23,Sandwich,10-05-2025,05:36:01,Cancelled,3024.047471
459,121,22,Salad,09-02-2025,22:20:15,Pending,3029.353788
460,121,23,Dosa,10-03-2025,10:15:08,Pending,3034.660105
461,121,4,Dosa,26-01-2025,00:09:39,Pending,3039.966422
462,122,26,Sandwich,22-03-2025,13:05:45,In Progress,3045.272739
463,122,6,Pizza,28-11-2024,18:12:33,Pending,3050.579055
464,122,44,Thali,26-05-2025,15:06:28,Completed,3055.885372
465,122,41,Salad,21-05-2025,11:53:07,In Progress,3061.191689
466,122,10,Pasta,09-11-2024,02:11:25,In Progress,3066.498006
467,123,24,Momos,25-03-2025,20:10:52,Completed,3071.804323
468,123,21,Pasta,17-06-2025,19:46:54,Completed,3077.11064
469,123,29,Noodles,12-12-2024,10:36:03,Pending,3082.416957
470,123,33,Dosa,22-12-2024,04:03:00,Pending,3087.723274
471,124,7,Sandwich,11-07-2025,09:31:04,In Progress,3093.029591
472,124,28,Momos,07-04-2025,20:35:52,In Progress,3098.335908
473,124,17,Dosa,04-11-2024,12:35:56,Cancelled,3103.642225
474,124,37,Salad,26-08-2025,04:46:53,In Progress,3108.948542
475,124,17,Pasta,07-04-2025,19:35:11,Cancelled,3114.254859
476,125,42,Noodles,25-09-2024,15:13:22,Pending,3119.561176
477,125,32,Sandwich,10-05-2025,05:36:01,Cancelled,3124.867492
478,125,3,Salad,09-02-2025,22:20:15,Pending,3130.173809
479,125,42,Dosa,10-03-2025,10:15:08,Pending,3135.480126
480,125,41,Dosa,26-01-2025,00:09:39,Pending,3140.786443
481,126,29,Sandwich,22-03-2025,13:05:45,In Progress,3146.09276
482,126,16,Pizza,28-11-2024,18:12:33,Pending,3151.399077
483,126,21,Thali,26-05-2025,15:06:28,Completed,3156.705394
484,126,30,Salad,21-05-2025,11:53:07,In Progress,3162.011711
485,127,9,Pasta,09-11-2024,02:11:25,In Progress,3167.318028
486,127,26,Momos,25-03-2025,20:10:52,Completed,3172.624345
487,127,4,Pasta,17-06-2025,19:46:54,Completed,3177.930662
488,127,1,Noodles,12-12-2024,10:36:03,Pending,3183.236979
489,127,11,Dosa,22-12-2024,04:03:00,Pending,3188.543296
490,128,36,Sandwich,11-07-2025,09:31:04,In Progress,3193.849612
491,128,2,Momos,07-04-2025,20:35:52,In Progress,3199.155929
492,128,13,Dosa,04-11-2024,12:35:56,Cancelled,3204.462246
493,128,9,Salad,26-08-2025,04:46:53,In Progress,3209.768563
494,128,17,Pasta,07-04-2025,19:35:11,Cancelled,3215.07488
495,129,47,Noodles,25-09-2024,15:13:22,Pending,3220.381197
496,129,46,Noodles,01-07-2025,06:00:33,In Progress,3225.687514
497,129,22,Burger,16-11-2024,08:05:36,Cancelled,3230.993831
498,129,47,Burger,01-07-2025,23:06:06,Cancelled,3236.300148
499,130,22,Noodles,29-11-2024,22:25:20,In Progress,3241.606465
500,130,8,Biryani,18-09-2024,17:23:07,Pending,3246.912782
501,130,7,Pizza,22-09-2024,09:07:31,Pending,3252.219099
502,130,21,Dosa,13-11-2024,16:32:32,Completed,3257.525416
503,130,8,Pizza,04-02-2025,17:52:02,Pending,3262.831733
504,131,8,Pizza,26-10-2024,21:16:06,Cancelled,3268.138049
505,131,4,Salad,31-10-2024,07:39:01,Completed,3273.444366
506,131,49,Dosa,26-06-2025,03:32:54,In Progress,3278.750683
507,131,28,Burger,02-03-2025,08:40:23,Completed,3284.057
508,132,50,Momos,11-11-2024,11:16:51,In Progress,3289.363317
509,132,34,Burger,27-08-2025,02:09:19,In Progress,3294.669634
510,132,34,Thali,25-10-2024,23:34:19,Cancelled,3299.975951
511,132,39,Sandwich,31-05-2025,14:23:28,Completed,3305.282268
512,132,40,Dosa,11-08-2025,22:47:02,Cancelled,3310.588585
513,133,15,Burger,23-03-2025,08:05:20,In Progress,3315.894902
514,133,31,Burger,16-05-2025,02:11:26,In Progress,3321.201219
515,133,44,Noodles,23-11-2024,10:05:08,Pending,3326.507536
516,133,41,Momos,31-07-2025,04:07:00,In Progress,3331.813853
517,133,36,Dosa,12-01-2025,05:39:59,Completed,3337.12017
518,134,39,Dosa,22-12-2024,17:35:00,Pending,3342.426486
519,134,2,Sandwich,23-07-2025,13:02:59,Completed,3347.732803
520,134,3,Biryani,12-03-2025,22:45:37,Pending,3353.03912
521,134,14,Pizza,31-05-2025,23:05:30,In Progress,3358.345437
522,135,32,Pasta,20-12-2024,19:24:48,Cancelled,3363.651754
523,135,20,Dosa,08-08-2025,12:49:08,Completed,3368.958071
524,135,35,Burger,04-01-2025,10:43:34,Completed,3374.264388
525,135,10,Salad,02-05-2025,19:35:51,Completed,3379.570705
526,135,20,Dosa,04-07-2025,11:03:35,Pending,3384.877022
527,136,40,Sandwich,10-05-2025,05:36:01,Cancelled,3390.183339
528,136,20,Salad,09-02-2025,22:20:15,Pending,3395.489656
529,136,5,Dosa,10-03-2025,10:15:08,Pending,3400.795973
530,136,15,Dosa,26-01-2025,00:09:39,Pending,3406.10229
531,136,6,Sandwich,22-03-2025,13:05:45,In Progress,3411.408606
532,137,34,Pizza,28-11-2024,18:12:33,Pending,3416.714923
533,137,44,Thali,26-05-2025,15:06:28,Completed,3422.02124
534,137,18,Salad,21-05-2025,11:53:07,In Progress,3427.327557
535,137,35,Pasta,09-11-2024,02:11:25,In Progress,3432.633874
536,138,23,Momos,25-03-2025,20:10:52,Completed,3437.940191
537,138,33,Pasta,17-06-2025,19:46:54,Completed,3443.246508
538,138,37,Noodles,12-12-2024,10:36:03,Pending,3448.552825
539,138,32,Dosa,22-12-2024,04:03:00,Pending,3453.859142
540,138,9,Sandwich,11-07-2025,09:31:04,In Progress,3459.165459
541,139,4,Momos,07-04-2025,20:35:52,In Progress,3464.471776
542,139,37,Dosa,04-11-2024,12:35:56,Cancelled,3469.778093
543,139,25,Salad,26-08-2025,04:46:53,In Progress,3475.08441
544,139,4,Pasta,07-04-2025,19:35:11,Cancelled,3480.390727
545,139,29,Noodles,25-09-2024,15:13:22,Pending,3485.697043
546,140,42,Noodles,01-07-2025,06:00:33,In Progress,3491.00336
547,140,22,Burger,16-11-2024,08:05:36,Cancelled,3496.309677
548,140,22,Burger,01-07-2025,23:06:06,Cancelled,3501.615994
549,140,37,Noodles,29-11-2024,22:25:20,In Progress,3506.922311
550,141,5,Biryani,18-09-2024,17:23:07,Pending,3512.228628
551,141,14,Pizza,22-09-2024,09:07:31,Pending,3517.534945
552,141,10,Dosa,13-11-2024,16:32:32,Completed,3522.841262
553,141,28,Pizza,04-02-2025,17:52:02,Pending,3528.147579
554,141,48,Pizza,26-10-2024,21:16:06,Cancelled,3533.453896
555,142,49,Salad,31-10-2024,07:39:01,Completed,3538.760213
556,142,48,Dosa,26-06-2025,03:32:54,In Progress,3544.06653
557,142,17,Burger,02-03-2025,08:40:23,Completed,3549.372847
558,142,48,Momos,11-11-2024,11:16:51,In Progress,3554.679164
559,143,50,Burger,27-08-2025,02:09:19,In Progress,3559.98548
560,143,30,Thali,25-10-2024,23:34:19,Cancelled,3565.291797
561,143,42,Sandwich,31-05-2025,14:23:28,Completed,3570.598114
562,143,4,Dosa,11-08-2025,22:47:02,Cancelled,3575.904431
563,143,35,Burger,23-03-2025,08:05:20,In Progress,3581.210748
564,144,4,Burger,16-05-2025,02:11:26,In Progress,3586.517065
565,144,31,Noodles,23-11-2024,10:05:08,Pending,3591.823382
566,144,25,Momos,31-07-2025,04:07:00,In Progress,3597.129699
567,144,33,Dosa,12-01-2025,05:39:59,Completed,3602.436016
568,144,3,Dosa,22-12-2024,17:35:00,Pending,3607.742333
569,145,44,Sandwich,23-07-2025,13:02:59,Completed,3613.04865
570,145,47,Biryani,12-03-2025,22:45:37,Pending,3618.354967
571,145,29,Pizza,31-05-2025,23:05:30,In Progress,3623.661284
572,145,18,Pasta,20-12-2024,19:24:48,Cancelled,3628.9676
573,146,30,Dosa,08-08-2025,12:49:08,Completed,3634.273917
574,146,43,Burger,04-01-2025,10:43:34,Completed,3639.580234
575,146,43,Salad,02-05-2025,19:35:51,Completed,3644.886551
576,146,47,Dosa,04-07-2025,11:03:35,Pending,3650.192868
577,146,15,Sandwich,10-05-2025,05:36:01,Cancelled,3655.499185
578,147,2,Salad,09-02-2025,22:20:15,Pending,3660.805502
579,147,12,Dosa,10-03-2025,10:15:08,Pending,3666.111819
580,147,44,Dosa,26-01-2025,00:09:39,Pending,3671.418136
581,147,4,Sandwich,22-03-2025,13:05:45,In Progress,3676.724453
582,147,38,Pizza,28-11-2024,18:12:33,Pending,3682.03077
583,148,45,Thali,26-05-2025,15:06:28,Completed,3687.337087
584,148,50,Salad,21-05-2025,11:53:07,In Progress,3692.643404
585,148,2,Pasta,09-11-2024,02:11:25,In Progress,3697.949721
586,148,6,Momos,25-03-2025,20:10:52,Completed,3703.256037
587,149,29,Pasta,17-06-2025,19:46:54,Completed,3708.562354
588,149,28,Noodles,12-12-2024,10:36:03,Pending,3713.868671
589,149,41,Dosa,22-12-2024,04:03:00,Pending,3719.174988
590,149,47,Sandwich,11-07-2025,09:31:04,In Progress,3724.481305
591,149,13,Momos,07-04-2025,20:35:52,In Progress,3729.787622
592,150,8,Dosa,04-11-2024,12:35:56,Cancelled,3735.093939
593,150,6,Salad,26-08-2025,04:46:53,In Progress,3740.400256
594,150,40,Pasta,07-04-2025,19:35:11,Cancelled,3745.706573
595,150,42,Noodles,25-09-2024,15:13:22,Pending,3751.01289
596,151,28,Sandwich,10-05-2025,05:36:01,Cancelled,3756.319207
597,151,33,Salad,09-02-2025,22:20:15,Pending,3761.625524
598,151,25,Dosa,10-03-2025,10:15:08,Pending,3766.931841
599,151,34,Dosa,26-01-2025,00:09:39,Pending,3772.238158
600,151,24,Sandwich,22-03-2025,13:05:45,In Progress,3777.544474
601,152,18,Pizza,28-11-2024,18:12:33,Pending,3782.850791
